url,label
bit.ly/1WTFsXe,bad
bit.ly/1WTFsXe,bad
tinyurl.com/gr4esu4,bad
tinyurl.com/j473gll,bad
bit.ly/2dY7T9P,bad
ow.ly/uW4i305eMSg,bad
bit.ly/2dTJiUd,bad
adf.ly/1euld4,bad
bit.ly/2e7jdik,bad
migre.me/veI3O,bad
ow.ly/XgGT305bwCZ,bad
tinyurl.com/hrjct8b,bad
tinyurl.com/zqgaunx,bad
ow.ly/5WRN3058IPA,bad
bit.ly/2dh5nsr,bad
tinyurl.com/grrh9wr,bad
goo.gl/TMxuDl,bad
bit.ly/2d921XO,bad
tiny.cc/7yxkfy,bad
tinyurl.com/z8nklr6,bad
bit.ly/2cH8eHH,bad
goo.gl/EKpJ8k,bad
tinyurl.com/hwt625w,bad
bc.vc/qxroJap,bad
bit.ly/2dVdmh4,bad
goo.gl/edDL8T,bad
tinyurl.com/h2f6msy,bad
goo.gl/Aw61q1,bad
tinyurl.com/goqcmv8/,bad
tinyurl.com/h8o5got,bad
t.co/JS0cw4L8NQ,bad
tinyurl.com/goqcmv8?email=abuse@emirates.net.ae,bad
tinyurl.com/zeq2kdu,bad
ow.ly/pIF8304sh8U,bad
u.to/Ge9CDw,bad
ow.ly/lHj7303hmMq,bad
tinyurl.com/j5co6n2,bad
goo.gl/mmvC8l,bad
goo.gl/AFDjZ9,bad
goo.gl/fg1dh1,bad
goo.gl/FiwDdD,bad
goo.gl/KZPUM3,bad
tinyurl.com/redirect.php?num=j6ng3zm,bad
tinyurl.com/business-llc,bad
bit.ly/AttackersProtection,bad
goo.gl/2H4z93,bad
goo.gl/SRVjEY,bad
goo.gl/b9p2CT,bad
goo.gl/clGZAa,bad
tinyurl.com/jrjaoy7,bad
goo.gl/J1QzZI,bad
goo.gl/NPDmXt,bad
bit.ly/2cpzmQ0,bad
bit.ly/2dijBfh,bad
tinyurl.com/jo4x9d6,bad
bit.ly/1PhL6S9,bad
goo.gl/3R24NQ,bad
bit.ly/885THGHTYdfgDFF,bad
ow.ly/SK3D304e2o2,bad
adf.ly/1e87cj,bad
tinyurl.com/ja77o44,bad
tinyurl.com/goqcmv8?email=abuse@emirates.net.ae&amp;.rand=13vqcr8bp0gud&amp;lc=1033&amp;id=64855&amp;mkt=en-us&amp;cbcxt=mai&amp;snsc=1,bad
tinyurl.com/jqzvds4,bad
tinyurl.com/goqcmv8?email=abuse@emirates.net.ae&amp;.rand=13vqcr8bp0gud&amp;lc=1033&amp;id=64855&amp;mkt=en-us&amp;cbcxt=mai&amp;snsc=1&amp;gt;,bad
tinyurl.com/zzbdhl9,bad
tinyurl.com/zf74pv7,bad
goo.gl/WOAyl5,bad
goo.gl/JJqYdv,bad
bit.ly/2bZUpUi,bad
tinyurl.com/gkp4nns?userid=abuse@roketmail.com,bad
tinyurl.com/grhwt4e/index.html,bad
tinyurl.com/hkd5h3w/,bad
tinyurl.com/grhwt4e,bad
tinyurl.com/grhwt4e,bad
tinyurl.com/hkd5h3w,bad
tinyurl.com/redirect.php?num=ju7vx9b&amp;add=,bad
tinyurl.com/j5zvtx5,bad
tinyurl.com/ju7vx9b,bad
tinyurl.com/jf7dkan,bad
tinyurl.com/hfuyeq4,bad
goo.gl/yCL3FT,bad
tinyurl.com/hvdtyyf,bad
tinyurl.com/hpdmc5d,bad
tinyurl.com/hpdmc5d/,bad
tinyurl.com/hpdmc5d,bad
bit.ly/2bLEl9q,bad
tinyurl.com/jlrbb8a,bad
goo.gl/DLV5zG,bad
bit.ly/2bKfTth,bad
goo.gl/FRovyg,bad
ow.ly/ZBQz303R1Wd,bad
bit.ly/2bKVbro,bad
goo.gl/tyixS,bad
bit.ly/2bSHh8W,bad
tinyurl.com/zzmxj3r,bad
t.co/eDbSRSOn5z,bad
bit.ly/2bptmXi,bad
bit.ly/2bjJZC6,bad
go2l.ink/1EhP/,bad
go2l.ink/1EhP,bad
tinyurl.com/j5sy4a8/,bad
t.co/NK1KR251U9,bad
db.tt/p3owGzwo,bad
t.co/oyUqopk2r1,bad
bit.ly/2bv3gCt,bad
goo.gl/ligwgt,bad
bit.ly/2aRt1MQ,bad
goo.gl/HiAiew,bad
bit.ly/2bGEcrr,bad
goo.gl/XaDKLI,bad
ow.ly/sswG303lJ2P,bad
t.co/oLXJgBQM6U,bad
bit.ly/2bcGuNf,bad
bit.ly/w456er7ujtiky8ik8j2hq31r3e5r67tuj78ji6,bad
bit.ly/2aUDRNc,bad
t.co/ZPE7bgd7KL,bad
bc.vc/Si9sekH,bad
t.co/3XZhaoyC65,bad
u.to/FNUoDw,bad
bit.ly/2bo8sos,bad
ow.ly/US923034Gey,bad
tinyurl.com/hrdns6y,bad
tinyurl.com/redirect.php?num=h7cxwxf&amp;add=,bad
tinyurl.com/h7cxwxf/,bad
tinyurl.com/zgvjpkz,bad
tinyurl.com/zdqsncr,bad
tinyurl.com/hgq5nsw,bad
tinyurl.com/h7cxwxf,bad
tinyurl.com/Financial-Update,bad
tinyurl.com/Development-margin/,bad
tinyurl.com/zq2zwro/,bad
goo.gl/e1756o,bad
bit.ly/2ayJkJO,bad
tinyurl.com/jnvvahg/,bad
bit.ly/2b73PyD,bad
adf.ly/1cvRQb,bad
ow.ly/y4Z3302OsnW,bad
goo.gl/Gk3xiu,bad
goo.gl/t2KWxy,bad
bit.ly/2athLnx,bad
migre.me/ut4CN,bad
migre.me/ut4mq,bad
goo.gl/JSYaQh,bad
bit.ly/29NLgwZ,bad
goo.gl/s1ZVXW,bad
bit.ly/dgsdfdytryrtytrt,bad
adf.ly/1cSNxd/,bad
bit.ly/29EzCcD,bad
goo.gl/dWDjJl,bad
ow.ly/u6Lw3026tRA,bad
ow.ly/MEtc302fQhT,bad
bit.ly/29B0I1x,bad
goo.gl/bUcGqs,bad
t.co/LzNcV9FY3H,bad
t.co/hRXyRFfDmD,bad
bit.ly/216JE6v,bad
ow.ly/YDN26,bad
ow.ly/WDWm30209R3,bad
bit.ly/292zMqc,bad
ow.ly/U8MT301QoDL,bad
ow.ly/R2y6301MVKE,bad
t.co/0cHP7Cr9Ef,bad
ow.ly/ZVZAl,bad
goo.gl/WNHJIY,bad
j.mp/1UDKUJC,bad
ow.ly/pqBe30065me,bad
bit.ly/DFGRETDFXGBVC,bad
ow.ly/lHjT300sVsJ,bad
bit.ly/1TBDaaD,bad
t.co/OLJQph7Yuo,bad
bit.ly/1WOc4mS,bad
bit.ly/245HVPf,bad
bit.do/usaa-com,bad
goo.gl/gPX3Bp,bad
goo.gl/7g8HFy,bad
goo.gl/YLpWWc,bad
ow.ly/tz9I3002V64,bad
ow.ly/4nr4go,bad
ow.ly/4nlNKr,bad
goo.gl/BOCxq9,bad
ow.ly/4nj2Cs,bad
adf.ly/1ZAs7M,bad
bit.ly/1oBKJpd,bad
db.tt/NO8rx6cT,bad
bit.ly/loging?cmd=_login-done&amp;login_access=c33666d331ce28162020637b33e68fc6,bad
goo.gl/YafJAp,bad
bit.ly/1V5XNjB,bad
bit.ly/1UhTjXP,bad
goo.gl/X7oQ6A,bad
goo.gl/15tv8k,bad
goo.gl/cbqm3r,bad
bit.ly/1QP9XHB,bad
goo.gl/Q51KI5,bad
adf.ly/1XbEB5,bad
bc.vc/NSSMU0,bad
goo.gl/5JNKi9,bad
goo.gl/LdLZkL,bad
goo.gl/KVyX80,bad
goo.gl/BqAjj8,bad
ow.ly/XFi2k,bad
goo.gl/76Vdct,bad
goo.gl/onHbmG,bad
goo.gl/8Y4ZWr,bad
bit.ly/1U9tDJJ,bad
ow.ly/qp65Z,bad
lnkd.in/bYuxU46,bad
lnkd.in/bYuxU46?facebook-security,bad
goo.gl/pvudFc,bad
ow.ly/VvWwR?Verify-acct-Facebook,bad
ow.ly/V7LXv?Verify-acct-Facebook,bad
ow.ly/UGifQ,bad
ow.ly/Ut3Qn,bad
ow.ly/RkmyZ,bad
adf.ly/1QTA9g,bad
bit.ly/1OiljI3,bad
ow.ly/SmJkB,bad
ow.ly/Smb24,bad
tiny.cc/oxb12x,bad
tiny.cc/pano2x,bad
tiny.cc/7vvn2x/,bad
tiny.cc/7vvn2x,bad
goo.gl/tvH8rp,bad
tiny.cc/fgkk2x/,bad
tiny.cc/fgkk2x/,bad
tiny.cc/fgkk2x,bad
bit.ly/1MCtXPo,bad
bc.vc/uCkAtA,bad
tiny.cc/sjtq0x,bad
tiny.cc/oujt0x,bad
tiny.cc/hv6s0x,bad
bit.ly/1GIahmq,bad
bc.vc/KCkJzt,bad
tiny.cc/zbaa0x,bad
cur.lv/liaxj,bad
bc.vc/AixMvA,bad
bc.vc/KRX2qh,bad
j.mp/ScaricaWoW,bad
goo.gl/wpOCYm,bad
tiny.cc/traffic/pp-security,bad
adf.ly/3KzPt,good
adf.ly/3Wyfu,good
adf.ly/3krBZ,good
adf.ly/3kvVF,good
adf.ly/3kvVZ,good
ow.ly/i/kBwF,good
ow.ly/i/kCNl,good
ow.ly/i/kKwK,good
ow.ly/i/kbrG,good
ow.ly/i/kcwe,good
ow.ly/i/kgBz,good
ow.ly/i/ksJo,good
ow.ly/i/kufX,good
ow.ly/i/kvVf,good
ow.ly/i/kvVz,good
ow.ly/i/liIt,good
q.gs/WDOH,good
q.gs/WMBs,good
q.gs/WNmn,good
q.gs/Wwzy,good
q.gs/cINw,good
q.gs/cJlo,good
yfrog.com/15kvvz,good
yfrog.com/gyj8ugqj,good
yfrog.com/gyukijtj,good
yfrog.com/gzrcjiij,good
yfrog.com/kgduuwwj,good
yfrog.com/kgmvdnqj,good
yfrog.com/kjd1wrij,good
yfrog.com/kkgn6doj,good
yfrog.com/kkgn9hqj,good
yfrog.com/kkwk4fjj,good
yfrog.com/kkwk6elj,good
yfrog.com/kljc2ijj,good
yfrog.com/kljc3hxbj,good
yfrog.com/kllc2bdj,good
yfrog.com/kllc3mpj,good
yfrog.com/nv14wrij,good
yfrog.com/nvi46cej,good
yfrog.com/nxixanfj,good
yfrog.com/ob2wbuk,good
yfrog.com/user/GBackstrom/profile,good
yfrog.com/user/tylerjblackburn/photos,good
goo.gl/AMD3yX,bad
goo.gl/HV602f,bad
goo.gl/JNS4se,bad
goo.gl/ByUomP,bad
goo.gl/n1gRsm,bad
goo.gl/GLmcrx,bad
goo.gl/TT6fxV,bad
goo.gl/FqlyKh,bad
goo.gl/mmXZKL,bad
goo.gl/QMC1jd,bad
goo.gl/xyZM3M,bad
bit.ly/15ZkZVq,bad
bit.ly/KZwqH0,bad
bit.ly/1DbPA0z,bad
bit.ly/19ZHA8D,bad
goo.gl/zsqxk4,bad
goo.gl/qu2x0w,bad
bit.ly/1wl3ye2,bad
tinyurl.com/ol6qzec,bad
tinyurl.com/q3zdyk8,bad
tinyurl.com/pl843ws,bad
tinyurl.com/px28gsa,bad
tinyurl.com/qxzz6ky,bad
tinyurl.com/q4kaf68,bad
goo.gl/60HAqJ,bad
bit.ly/2ccxBCb?dl=1,bad
bit.ly/2bYh97s,bad
bit.ly/2cMGzL3,bad
goo.gl/udl84M,bad
goo.gl/3Tbbby,bad
goo.gl/3Tbbby>,bad
goo.gl/3Tbbby,bad
goo.gl/3Tbbby>,bad
ow.ly/OYpA304CPZa,bad
goo.gl/ntPvzr,bad
goo.gl/ntPvzr>,bad
goo.gl/33UHQi,bad
bit.ly/2elJdEs,bad
goo.gl/jEYNq2,bad
goo.gl/o0DKDQ,bad
u.to/YwZQDw,bad
u.to/YwZQDw>,bad
goo.gl/o0DKDQ,bad
goo.gl/NCoQ6q,bad
bit.ly/2hefstg,bad
bit.ly/2hefstg,bad
ow.ly/3b3v306VeTs,bad
goo.gl/a5wUM3,bad
bit.ly/2hpgy0U,bad
goo.gl/G7z1aS?paypal-nonauthtransaction.jpg,bad
goo.gl/f94IDj,bad
ow.ly/DgGC308sKHc,bad
ow.ly/DgGC308sKHc>,bad
ow.ly/xOnc308tiS9,bad
goo.gl/Rv86dj,bad
